{
    "loss": 0.8170166611671448,
    "accuracy": 0.9568345546722412
}